Setting,VR,AOT,RMSE,ESR,DeliveredMeasurements,DroppedMeasurements
Oracle (current),0.0,0.0,0.5612207076070241,2.497359287762185,2700,0
Noisy,0.0,0.0,0.8480098155042428,3.1613097932699565,2700,0
Noisy + dropout,0.0008676625924249283,1.6213245932543312e-06,0.8531511665864844,3.0934057642975707,2190,510
Noisy + delay,0.0,0.0,0.8425009873704783,3.078315980081485,2700,0
