Setting,VR,AOT,RMSE,ESR,DeliveredMeasurements,DroppedMeasurements
GPS raw (current),0.0,0.0,0.17925522407852834,0.27003484320557486,1648,0
GPS + noise/drift,0.0,0.0,2.4907490920810056,0.6707317073170731,1648,0
GPS + dropout,0.0008710801393728223,1.6828004250070577e-05,2.0032835600611594,0.6620209059233448,1145,503
GPS + delay,0.0,0.0,2.0763374263307863,0.6620209059233448,1648,0
