Setting,VR,AOT,RMSE,ESR,DeliveredMeasurements,DroppedMeasurements
Gas raw (current),0.0,0.0,0.0007322456981317596,1.0000224265530389,44640,0
Gas + dropout,0.25274725274725274,0.00356197402640664,0.0006951341591934008,0.747275173805786,33358,11282
Gas + delay,0.0,0.0,0.0007435413095206197,1.0000224265530389,44640,0
Gas + dropout + delay,0.2503476115721014,0.0034940158751608445,0.0007278914332630761,0.7496748149809375,33464,11176
