Setting,VR,AOT,RMSE,ESR,DeliveredMeasurements,DroppedMeasurements
Gas raw (current),0.0,0.0,4.651118953052645,1.0000721500721501,13910,0
Gas + dropout,0.24913419913419912,0.0033405484096623167,3.220770436650888,0.7509379509379509,10445,3465
Gas + delay,0.0,0.0,4.651118926091983,1.0000721500721501,13910,0
Gas + dropout + delay,0.25476190476190474,0.003505384941455452,4.52981648563379,0.7453102453102453,10365,3545
